"FormID"	"Editor Name"	"Crafting WorkBench"	"Item Name"	"Perks"	"Proximity(When Player Crafting)"
"B035A918"	"KmodFurnitureRecipeSpinningWheel"	"disabled recipe"	"Spinning Wheel"	"Craftsmanship"	"disabled recipe"
"9400FB0F"	"Trad_Crafting_EnchantersInfusion01_Recipe05"	""	"Enchanters Infusion"	"Enchantment Mastery"	""
"9400FB0E"	"Trad_Crafting_EnchantersInfusion01_Recipe04"	""	"Enchanters Infusion"	"Enchantment Mastery"	""
"9400FB0D"	"Trad_Crafting_EnchantersInfusion01_Recipe03"	""	"Enchanters Infusion"	"Enchantment Mastery"	""
"9400FB0C"	"Trad_Crafting_EnchantersInfusion01_Recipe02"	""	"Enchanters Infusion"	"Enchantment Mastery"	""
"9400FB09"	"Trad_Crafting_EnchantersInfusion01_Recipe01"	""	"Enchanters Infusion"	"Enchantment Mastery"	""
"89012216"	"RMA_Rack_HealingPoulticeMead3"	"disabled recipe"	"Healing Poultice"	"Catalysis"	"disabled recipe"
"89012215"	"RMA_Rack_HealingPoulticeAle3"	"disabled recipe"	"Healing Poultice"	"Catalysis"	"disabled recipe"
"89012214"	"RMA_Rack_HealingPoulticeMead2"	"disabled recipe"	"Healing Poultice"	"Catalysis"	"disabled recipe"
"89012213"	"RMA_Rack_HealingPoulticeAle2"	"disabled recipe"	"Healing Poultice"	"Catalysis"	"disabled recipe"
"89012212"	"RMA_Rack_HealingPoulticeMead1"	"disabled recipe"	"Healing Poultice"	"Catalysis"	"disabled recipe"
"89000830"	"RMA_Rack_LeatherHood"	"disabled recipe"	"Leather"	""	"disabled recipe"
"89000811"	"RMA_Crafting_Light_Fur_Feet"	"disabled recipe"	"Fur Shoes"	"Craftsmanship"	"disabled recipe"
"89000810"	"RMA_Crafting_Light_Fur_Head"	"disabled recipe"	"Fur Helmet"	"Craftsmanship"	"disabled recipe"
"8900080F"	"RMA_Crafting_Light_Fur_Hands"	"disabled recipe"	"Fur Bracers"	"Craftsmanship"	"disabled recipe"
"8900080E"	"RMA_Crafting_Light_Fur_Body_Sleeves"	"disabled recipe"	"Fur Cuirass"	"Craftsmanship"	"disabled recipe"
"8900080D"	"RMA_Crafting_Light_Fur_Body"	"disabled recipe"	"Fur Sleeveless Cuirass"	"Craftsmanship"	"disabled recipe"
"8900080C"	"RMA_Crafting_Light_Fur_Body_KiltWithMantle"	"disabled recipe"	"Fur Mantled Kilt"	"Craftsmanship"	"disabled recipe"
"8900080B"	"RMA_Crafting_Light_Fur_Body_Kilt"	"disabled recipe"	"Fur Kilt"	"Craftsmanship"	"disabled recipe"
"7.8017E+097"	"cuyPriestHoodMiraakTemperL3"	"disabled recipe"	"Miraak's Hood"	"Advanced Blacksmithing"	"disabled recipe"
"7.8017E+096"	"cuyPriestHoodMiraakTemperL2"	"disabled recipe"	"Miraak's Hood"	"Advanced Blacksmithing"	"disabled recipe"
"7.8017E+095"	"cuyPriestHoodMiraakTemperL1"	"disabled recipe"	"Miraak's Hood"	"Advanced Blacksmithing"	"disabled recipe"
"7.8017E+094"	"cuyPriestHoodMiraakTemperH3"	"disabled recipe"	"Miraak's Hood"	"Advanced Blacksmithing"	"disabled recipe"
"78017E8F"	"cuyPriestHoodMiraakTemperH2"	"disabled recipe"	"Miraak's Hood"	"Advanced Blacksmithing"	"disabled recipe"
"7800F227"	"cuyPriestHoodVolsungTemper"	"disabled recipe"	"Volsung's Hood"	"Advanced Blacksmithing"	"disabled recipe"
"7800F226"	"cuyPriestHoodVokunTemper"	"disabled recipe"	"Vokun's Hood"	"Advanced Blacksmithing"	"disabled recipe"
"7800F225"	"cuyPriestHoodRahgotTemper"	"disabled recipe"	"Rahgot's Hood"	"Advanced Blacksmithing"	"disabled recipe"
"7800F224"	"cuyPriestHoodOtarTemper"	"disabled recipe"	"Otar's Hood"	"Advanced Blacksmithing"	"disabled recipe"
"7800F223"	"cuyPriestHoodNahkriinTemper"	"disabled recipe"	"Nahkriin's Hood"	"Advanced Blacksmithing"	"disabled recipe"
"7800F222"	"cuyPriestHoodMorokeiTemper"	"disabled recipe"	"Morokei's Hood"	"Advanced Blacksmithing"	"disabled recipe"
"7800F221"	"cuyPriestHoodMiraakTemperH1"	"disabled recipe"	"Miraak's Hood"	"Advanced Blacksmithing"	"disabled recipe"
"7800F220"	"cuyPriestHoodKrosisTemper"	"disabled recipe"	"Krosis' Hood"	"Advanced Blacksmithing"	"disabled recipe"
"7800F21F"	"cuyPriestHoodHevnoraakTemper"	"disabled recipe"	"Hevnoraak's Hood"	"Advanced Blacksmithing"	"disabled recipe"
"7800F21E"	"cuyPriestHoodKonahrikTemper"	"disabled recipe"	"Konahrik's Hood"	"Advanced Blacksmithing"	"disabled recipe"
"7800F21D"	"cuyPriestHoodDefaultTemper"	"disabled recipe"	"Dragon Priest Hood"	"Advanced Blacksmithing"	"disabled recipe"
"7800F21C"	"cuyPriestHoodAcolyteTemper"	"disabled recipe"	"Acolyte Hood"	"Advanced Blacksmithing"	"disabled recipe"
"7533D6C3"	"RecipeArmorSteelCuirassBWhiteSimple_AMB"	"disabled recipe"	"Steel Pauldroned Cuirass - White"	"Craftsmanship"	"disabled recipe"
"740310B8"	"BYOHRecipeGlass02B_CCO"	"disabled recipe"	"Fragment: Building Glass"	""	"disabled recipe"
"740310B7"	"BYOHRecipeGlass02A_CCO"	"disabled recipe"	"Fragment: Building Glass"	""	"disabled recipe"
"740310B6"	"BYOHRecipeGlass01B_CCO"	"disabled recipe"	"Fragment: Building Glass"	""	"disabled recipe"
"740310B5"	"BYOHRecipeGlass01A_CCO"	"disabled recipe"	"Fragment: Building Glass"	""	"disabled recipe"
"6D001D9D"	"_aLES_CraftChoppingBlock"	"CraftingSurvivalUnused"	"Camp Chopping Block"	""	"CraftingSurvivalUnused"
"520FE178"	"KmodContainerRecipeChestUpperPersonal"	"Furniture Workbench"	"Small Chest"	""	"Furniture Workbench"
"520FE177"	"KmodContainerRecipeChestCommonPersonal"	"Furniture Workbench"	"Small Chest"	""	"Furniture Workbench"
"520FE176"	"KmodContainerRecipeChestCommonChild"	"Furniture Workbench"	"Child's Chest"	""	"Furniture Workbench"
"520FE175"	"KmodContainerRecipeChestUpperChild"	"Furniture Workbench"	"Child's Chest"	""	"Furniture Workbench"
"52038A6F"	"KmodContainerRecipeChestCommon"	"Furniture Workbench"	"Chest"	""	"Furniture Workbench"
"52038A6E"	"KmodContainerRecipeChestUpper"	"Furniture Workbench"	"Chest"	""	"Furniture Workbench"
"52038A6D"	"KmodContainerRecipeChestNoble"	"Furniture Workbench"	"Chest"	""	"Furniture Workbench"
"52038A6A"	"KmodContainerRecipeBarrelEmpty"	"Furniture Workbench"	"Barrel"	""	"Furniture Workbench"
"39000D64"	"SCA_CampingChairCraft"	"disabled recipe"	"Camping Chair"	""	"disabled recipe"
"0E08A1F5"	"REQ_Skyforge_Weapon_NordHero_Warhammer"	"Skyforge"	"Nord Hero Warhammer"	"Craftsmanship"	"Skyforge"
"0E08A1F4"	"REQ_Skyforge_Weapon_NordHero_Mace"	"Skyforge"	"Nord Hero Mace"	"Craftsmanship"	"Skyforge"
"0E08A1F3"	"REQ_Skyforge_Weapon_NordHero_Dagger"	"Skyforge"	"Nord Hero Dagger"	"Craftsmanship"	"Skyforge"
"0E0850DA"	"REQ_NULL_ccBGSSSE001_RecipeWeaponSpecialDwarvenAxe"	"disabled recipe"	"Irkngthand War Axe"	"Dwarven Blacksmithing"	"disabled recipe"
"0E04D05F"	"REQ_NULL_ccBGSSSE001_TemperWeaponSpecialDwarvenAxe02"	"disabled recipe"	"Irkngthand War Axe of Freezing"	"Advanced Blacksmithing"	"disabled recipe"
"0E000F7B"	"REQ_Oven_Food_FlourMeat_CrabCakes"	"Oven"	"Crab Cakes"	""	"Oven"
"0E000B97"	"REQ_NULL_ccBGSSSE001_TemperWeaponSpecialDwarvenAxe01"	"disabled recipe"	"Irkngthand War Axe of Fire"	"Advanced Blacksmithing"	"disabled recipe"
"050FDA99"	"REQ_Rack_Hide_Deer1Duplicate"	"CraftingTable"	"Leather"	""	"CraftingTable"
"050420CE"	"REQ_Temper_Var_Light_Hide_Feet_Movarth"	"Armor Table"	"Movarth's Boots"	"Craftsmanship"	"Armor Table"
"5033220"	"REQ_Rack_Hide_Werewolf"	"CraftingTable"	"Leather"	""	"CraftingTable"
"050273B1"	"REQ_Skyforge_Arrow_NordHero"	"Skyforge"	"Nord Hero Arrow"	"Craftsmanship"	"Skyforge"
"0501519F"	"REQ_NULL_USKPTemperWeaponFollowerHuntingBow"	"disabled recipe"	"Hunting Bow"	"Craftsmanship"	"disabled recipe"
"050100A1"	"REQ_NULL_USKPTemperArmorClothesUlfricGauntlets"	"disabled recipe"	"Ulfric's Bracers"	"Advanced Blacksmithing"	"disabled recipe"
"050100A0"	"REQ_Temper_Light_WornShrouded_Hands"	"Armor Table"	"Worn Shrouded Gloves"	"Craftsmanship"	"Armor Table"
"0501009F"	"REQ_Temper_Light_WornShrouded_Head"	"Armor Table"	"Worn Shrouded Cowl"	"Craftsmanship"	"Armor Table"
"0501009E"	"REQ_Temper_Light_WornShrouded_Feet"	"Armor Table"	"Worn Shrouded Boots"	"Craftsmanship"	"Armor Table"
"0501009D"	"REQ_Temper_Light_WornShrouded_Body"	"Armor Table"	"Worn Shrouded Cuirass"	"Craftsmanship"	"Armor Table"
"0501009B"	"REQ_Temper_Var_Light_Shrouded_Hands_Tumblerbane"	"Armor Table"	"Tumblerbane Gloves"	"Craftsmanship"	"Armor Table"
"0501009A"	"REQ_Temper_Artifact_ShieldOfYsgramor"	"Armor Table"	"Shield of Ysgramor"	"Ebony Blacksmithing"	"Armor Table"
"5010098"	"REQ_Temper_Artifact_JaggedCrown"	"Armor Table"	"Jagged Crown"	"Ebony Blacksmithing,Draconic Blacksmithing"	"Armor Table"
"0501008F"	"REQ_Temper_Artifact_ShieldOfSolitude"	"Armor Table"	"Shield of Solitude"	"Craftsmanship"	"Armor Table"
"0500FB27"	"REQ_Temper_Light_Shrouded_Head"	"Armor Table"	"Shrouded Cowl"	"Craftsmanship"	"Armor Table"
"0500FB1F"	"REQ_NULL_USKPTemperArmorClothesJarlGloves"	"disabled recipe"	"Gilded Wristguards"	"Advanced Blacksmithing"	"disabled recipe"
"0500FB1E"	"REQ_NULL_USKPTemperArmorClothesJarlGloves02"	"disabled recipe"	"Fine Armguards"	"Advanced Blacksmithing"	"disabled recipe"
"0500FB19"	"REQ_Temper_Light_Scale_Body_Horn"	"Armor Table"	"Scale Cuirass"	"Advanced Light Armors "	"Armor Table"
"0500FB16"	"REQ_Temper_Light_Imperial_Body_Studded"	"Armor Table"	"Imperial Studded Cuirass"	"Craftsmanship"	"Armor Table"
"0500A30A"	"REQ_Temper_Heavy_Iron_Shield_Dented"	"Armor Table"	"Dented Iron Shield"	"Craftsmanship"	"Armor Table"
"0500A309"	"REQ_Temper_Light_Skaal_Hands"	"Armor Table"	"Skaal Gloves"	"Craftsmanship"	"Armor Table"
"0500A308"	"REQ_Temper_Light_Skaal_Feet"	"Armor Table"	"Skaal Boots"	"Craftsmanship"	"Armor Table"
"0500A307"	"REQ_Temper_Light_Skaal_Head"	"Armor Table"	"Skaal Hat"	"Craftsmanship"	"Armor Table"
"0500A306"	"REQ_Temper_Light_Skaal_Body"	"Armor Table"	"Skaal Coat"	"Craftsmanship"	"Armor Table"
"0403D2DF"	"REQ_Temper_Heavy_Bonemold_Body_Pauldrons"	"Armor Table"	"Bonemold Cuirass"	"Advanced Light Armors "	"Armor Table"
"0403D2DE"	"REQ_Temper_Heavy_Bonemold_Body_Guard"	"Armor Table"	"Bonemold Cuirass"	"Advanced Light Armors "	"Armor Table"
"0403BD19"	"REQ_Temper_Light_Blackguard_Head"	"Armor Table"	"Blackguard Hood"	"Craftsmanship"	"Armor Table"
"0403BD18"	"REQ_Temper_Light_Blackguard_Hands"	"Armor Table"	"Blackguard Gloves"	"Craftsmanship"	"Armor Table"
"0403BD17"	"REQ_Temper_Light_Blackguard_Body"	"Armor Table"	"Blackguard Cuirass"	"Craftsmanship"	"Armor Table"
"0403BD16"	"REQ_Temper_Light_Blackguard_Feet"	"Armor Table"	"Blackguard Boots"	"Craftsmanship"	"Armor Table"
"0403B040"	"REQ_Temper_Artifact_VisageOfMzund"	"Armor Table"	"Visage of Mzund"	"Requires  Ancient Knowledge"	"Armor Table"
"0403AB31"	"REQ_Temper_Heavy_ImprovedBonemold_Shield"	"Armor Table"	"Improved Bonemold Shield"	"Advanced Light Armors "	"Armor Table"
"0403AB30"	"REQ_Temper_Heavy_ImprovedBonemold_Head"	"Armor Table"	"Improved Bonemold Helmet"	"Advanced Light Armors "	"Armor Table"
"0403AB2F"	"REQ_Temper_Heavy_ImprovedBonemold_Hands"	"Armor Table"	"Improved Bonemold Gauntlets"	"Advanced Light Armors "	"Armor Table"
"0403AB2E"	"REQ_Temper_Heavy_ImprovedBonemold_Body"	"Armor Table"	"Improved Bonemold Cuirass"	"Advanced Light Armors "	"Armor Table"
"0403AB2D"	"REQ_Temper_Heavy_ImprovedBonemold_Feet"	"Armor Table"	"Improved Bonemold Boots"	"Advanced Light Armors "	"Armor Table"
"0403A9DA"	"REQ_Temper_Heavy_Quicksilver_Shield"	"Armor Table"	"Quicksilver Shield"	"Advanced Blacksmithing"	"Armor Table"
"0403A9D9"	"REQ_Temper_Heavy_Quicksilver_Head"	"Armor Table"	"Quicksilver Helmet"	"Advanced Blacksmithing"	"Armor Table"
"0403A9D8"	"REQ_Temper_Heavy_Quicksilver_Hands"	"Armor Table"	"Quicksilver Gauntlets"	"Advanced Blacksmithing"	"Armor Table"
"0403A9D7"	"REQ_Temper_Heavy_Quicksilver_Body"	"Armor Table"	"Quicksilver Cuirass"	"Advanced Blacksmithing"	"Armor Table"
"0403A9D6"	"REQ_Temper_Heavy_Quicksilver_Feet"	"Armor Table"	"Quicksilver Boots"	"Advanced Blacksmithing"	"Armor Table"
"0403A9D5"	"REQ_Temper_Light_Chitin_Shield"	"Armor Table"	"Chitin Shield"	"Advanced Light Armors "	"Armor Table"
"0403A9D4"	"REQ_Temper_Light_Chitin_Head"	"Armor Table"	"Chitin Light Helmet"	"Advanced Light Armors "	"Armor Table"
"0403A9D3"	"REQ_Temper_Light_Chitin_Hands"	"Armor Table"	"Chitin Light Gauntlets"	"Advanced Light Armors "	"Armor Table"
"0403A9D2"	"REQ_Temper_Light_Chitin_Body"	"Armor Table"	"Chitin Light Cuirass"	"Advanced Light Armors "	"Armor Table"
"0403A9D1"	"REQ_Temper_Light_Chitin_Feet"	"Armor Table"	"Chitin Light Boots"	"Advanced Light Armors "	"Armor Table"
"0403A9D0"	"REQ_Temper_Heavy_Chitin_Head"	"Armor Table"	"Chitin Heavy Helmet"	"Advanced Light Armors "	"Armor Table"
"0403A9CF"	"REQ_Temper_Heavy_Chitin_Hands"	"Armor Table"	"Chitin Heavy Gauntlets"	"Advanced Light Armors "	"Armor Table"
"0403A9CE"	"REQ_Temper_Heavy_Chitin_Body"	"Armor Table"	"Chitin Heavy Cuirass"	"Advanced Light Armors "	"Armor Table"
"0403A9CD"	"REQ_Temper_Heavy_Chitin_Feet"	"Armor Table"	"Chitin Heavy Boots"	"Advanced Light Armors "	"Armor Table"
"0403A32C"	"REQ_Temper_Light_MoragTong_Head"	"Armor Table"	"Morag Tong Hood"	"Craftsmanship"	"Armor Table"
"0403A32B"	"REQ_Temper_Light_MoragTong_Hands"	"Armor Table"	"Morag Tong Gauntlets"	"Craftsmanship"	"Armor Table"
"0403A32A"	"REQ_Temper_Light_MoragTong_Body"	"Armor Table"	"Morag Tong Cuirass"	"Craftsmanship"	"Armor Table"
"0403A329"	"REQ_Temper_Light_MoragTong_Feet"	"Armor Table"	"Morag Tong Boots"	"Craftsmanship"	"Armor Table"
"04038EAB"	"REQ_Temper_Light_Stalhrim_Shield"	"Armor Table"	"Stalhrim Shield"	"Ebony Blacksmithing"	"Armor Table"
"04038EAA"	"REQ_Temper_Light_Stalhrim_Head"	"Armor Table"	"Stalhrim Light Helmet"	"Ebony Blacksmithing"	"Armor Table"
"04038EA9"	"REQ_Temper_Light_Stalhrim_Hands"	"Armor Table"	"Stalhrim Light Gauntlets"	"Ebony Blacksmithing"	"Armor Table"
"04038EA8"	"REQ_Temper_Light_Stalhrim_Body"	"Armor Table"	"Stalhrim Light Cuirass"	"Ebony Blacksmithing"	"Armor Table"
"04038EA7"	"REQ_Temper_Light_Stalhrim_Feet"	"Armor Table"	"Stalhrim Light Boots"	"Ebony Blacksmithing"	"Armor Table"
"04038EA6"	"REQ_Temper_Heavy_Stalhrim_Head"	"Armor Table"	"Stalhrim Heavy Helmet"	"Ebony Blacksmithing"	"Armor Table"
"04038EA5"	"REQ_Temper_Heavy_Stalhrim_Hands"	"Armor Table"	"Stalhrim Heavy Gauntlets"	"Ebony Blacksmithing"	"Armor Table"
"04038EA4"	"REQ_Temper_Heavy_Stalhrim_Body"	"Armor Table"	"Stalhrim Heavy Cuirass"	"Ebony Blacksmithing"	"Armor Table"
"04038EA3"	"REQ_Temper_Heavy_Stalhrim_Feet"	"Armor Table"	"Stalhrim Heavy Boots"	"Ebony Blacksmithing"	"Armor Table"
"04038EA2"	"REQ_Temper_Heavy_Bonemold_Shield"	"Armor Table"	"Bonemold Shield"	"Advanced Light Armors "	"Armor Table"
"04038EA1"	"REQ_Temper_Heavy_Bonemold_Head"	"Armor Table"	"Bonemold Helmet"	"Advanced Light Armors "	"Armor Table"
"04038EA0"	"REQ_Temper_Heavy_Bonemold_Hands"	"Armor Table"	"Bonemold Gauntlets"	"Advanced Light Armors "	"Armor Table"
"04038E9F"	"REQ_Temper_Heavy_Bonemold_Body"	"Armor Table"	"Bonemold Cuirass"	"Advanced Light Armors "	"Armor Table"
"04038E9E"	"REQ_Temper_Heavy_Bonemold_Feet"	"Armor Table"	"Bonemold Boots"	"Advanced Light Armors "	"Armor Table"
"4027321"	"REQ_Temper_Heavy_Ahzidal_Body"	"Armor Table"	"Ahzidal's Cuirass of Retribution"	"Craftsmanship"	"Armor Table"
"4027320"	"REQ_Temper_Heavy_Ahzidal_Head"	"Armor Table"	"Ahzidal's Helmet of Vision"	"Craftsmanship"	"Armor Table"
"040270EB"	"REQ_Temper_Heavy_Ahzidal_Hands"	"Armor Table"	"Ahzidal's Gauntlets of Warding"	"Craftsmanship"	"Armor Table"
"4027000000000"	"REQ_Temper_Heavy_Ahzidal_Feet"	"Armor Table"	"Ahzidal's Boots of Waterwalking"	"Craftsmanship"	"Armor Table"
"4024026"	"REQ_Temper_Var_Light_Stalhrim_Head_Deathbrand"	"Armor Table"	"Deathbrand Helmet"	"Ebony Blacksmithing"	"Armor Table"
"4024025"	"REQ_Temper_Var_Light_Stalhrim_Hands_Deathbrand"	"Armor Table"	"Deathbrand Gauntlets"	"Ebony Blacksmithing"	"Armor Table"
"4024024"	"REQ_Temper_Var_Light_Stalhrim_Body_Deathbrand"	"Armor Table"	"Deathbrand Cuirass"	"Ebony Blacksmithing"	"Armor Table"
"4024023"	"REQ_Temper_Var_Light_Stalhrim_Feet_Deathbrand"	"Armor Table"	"Deathbrand Boots"	"Ebony Blacksmithing"	"Armor Table"
"4017773"	"REQ_Ench_Staff_Destruction_Thunderbolt"	"Staff Enchanter"	"Staff of Thunderbolts"	""	"Staff Enchanter"
"4017772"	"REQ_Ench_Staff_Destruction_WallofStorms"	"Staff Enchanter"	"Staff of the Storm Wall"	""	"Staff Enchanter"
"4017771"	"REQ_Ench_Staff_Destruction_WallofFrost"	"Staff Enchanter"	"Staff of the Frost Wall"	""	"Staff Enchanter"
"4017770"	"REQ_Ench_Staff_Destruction_WallofFlames"	"Staff Enchanter"	"Staff of the Flame Wall"	""	"Staff Enchanter"
"0401776F"	"REQ_Ench_Staff_Restoration_TurnLesserUndead"	"Staff Enchanter"	"Minor Staff of Turning"	""	"Staff Enchanter"
"0401776E"	"REQ_Ench_Staff_Restoration_TurnUndead"	"Staff Enchanter"	"Staff of Turning"	""	"Staff Enchanter"
"0401776D"	"REQ_Ench_Staff_Restoration_TurnGreaterUndead"	"Staff Enchanter"	"Grand Staff of Turning"	""	"Staff Enchanter"
"0401776C"	"REQ_Ench_Staff_Destruction_Sparks"	"Staff Enchanter"	"Staff of Sparks"	""	"Staff Enchanter"
"0401776B"	"REQ_Ench_Staff_Conjuration_SoulTrap"	"Staff Enchanter"	"Staff of Soul Trapping"	""	"Staff Enchanter"
"0401776A"	"REQ_Ench_Staff_Illusion_Rout"	"Staff Enchanter"	"Staff of Vanquishment"	""	"Staff Enchanter"
"4017769"	"REQ_Ench_Staff_Conjuration_Revenant"	"Staff Enchanter"	"Staff of Revenants"	""	"Staff Enchanter"
"4017768"	"REQ_Ench_Staff_Restoration_RepelUndead"	"Staff Enchanter"	"Staff of Repulsion"	""	"Staff Enchanter"
"4017767"	"REQ_Ench_Staff_Restoration_RepelLesserUndead"	"Staff Enchanter"	"Staff of Repulsion"	""	"Staff Enchanter"
"4017766"	"REQ_Ench_Staff_Conjuration_ReanimateCorpse"	"Staff Enchanter"	"Staff of Reanimation"	""	"Staff Enchanter"
"4017765"	"REQ_Ench_Staff_Illusion_Rally"	"Staff Enchanter"	"Staff of Inspiration"	""	"Staff Enchanter"
"4017764"	"REQ_Ench_Staff_Conjuration_RaiseZombie"	"Staff Enchanter"	"Staff of Zombies"	""	"Staff Enchanter"
"4017763"	"REQ_Ench_Staff_Alteration_Paralyze"	"Staff Enchanter"	"Staff of Paralysis"	""	"Staff Enchanter"
"4017762"	"REQ_Ench_Staff_Alteration_Magelight"	"Staff Enchanter"	"Staff of Magelight"	""	"Staff Enchanter"
"4017761"	"REQ_Ench_Staff_Destruction_Incinerate"	"Staff Enchanter"	"Staff of Incineration"	""	"Staff Enchanter"
"4017760"	"REQ_Ench_Staff_Destruction_IcySpear"	"Staff Enchanter"	"Staff of Icy Spear"	""	"Staff Enchanter"
"0401775F"	"REQ_Ench_Staff_Destruction_IceStorm"	"Staff Enchanter"	"Staff of Ice Storms"	""	"Staff Enchanter"
"0401775E"	"REQ_Ench_Staff_Destruction_IceSpike"	"Staff Enchanter"	"Staff of Ice Spikes"	""	"Staff Enchanter"
"0401775D"	"REQ_Ench_Staff_Restoration_HealOther"	"Staff Enchanter"	"Staff of Mending"	""	"Staff Enchanter"
"0401775C"	"REQ_Ench_Staff_Restoration_HealingHands"	"Staff Enchanter"	"Staff of the Healing Hand"	""	"Staff Enchanter"
"0401775B"	"REQ_Ench_Staff_Illusion_Fury"	"Staff Enchanter"	"Staff of Fury"	""	"Staff Enchanter"
"0401775A"	"REQ_Ench_Staff_Destruction_Frostbite"	"Staff Enchanter"	"Staff of Frostbite"	""	"Staff Enchanter"
"4017759"	"REQ_Ench_Staff_Illusion_Frenzy"	"Staff Enchanter"	"Staff of Frenzy"	""	"Staff Enchanter"
"4017758"	"REQ_Ench_Staff_Destruction_Flames"	"Staff Enchanter"	"Staff of Flames"	""	"Staff Enchanter"
"4017757"	"REQ_Ench_Staff_Destruction_Firebolt"	"Staff Enchanter"	"Staff of Firebolts"	""	"Staff Enchanter"
"4017756"	"REQ_Ench_Staff_Destruction_Fireball"	"Staff Enchanter"	"Staff of Fireballs"	""	"Staff Enchanter"
"4017755"	"REQ_Ench_Staff_Illusion_Fear"	"Staff Enchanter"	"Staff of Fear"	""	"Staff Enchanter"
"4017754"	"REQ_Ench_Staff_Conjuration_ExpelDeadra"	"Staff Enchanter"	"Staff of Expulsion"	""	"Staff Enchanter"
"4017753"	"REQ_Ench_Staff_Conjuration_DreadZombie"	"Staff Enchanter"	"Staff of Dread Zombies"	""	"Staff Enchanter"
"4017752"	"REQ_Ench_Staff_Illusion_Courage"	"Staff Enchanter"	"Staff of Courage"	""	"Staff Enchanter"
"4017751"	"REQ_Ench_Staff_Conjuration_ConjureStormAtronach"	"Staff Enchanter"	"Staff of the Storm Atronach"	""	"Staff Enchanter"
"4017750"	"REQ_Ench_Staff_Conjuration_ConjureFrostAtronach"	"Staff Enchanter"	"Staff of the Frost Atronach"	""	"Staff Enchanter"
"0401774F"	"REQ_Ench_Staff_Conjuration_ConjureFlameAtronach"	"Staff Enchanter"	"Staff of the Flame Atronach"	""	"Staff Enchanter"
"0401774E"	"REQ_Ench_Staff_Conjuration_ConjureFamiliar"	"Staff Enchanter"	"Staff of the Spirit Wolf"	""	"Staff Enchanter"
"0401774D"	"REQ_Ench_Staff_Conjuration_CommandDeadra"	"Staff Enchanter"	"Staff of Daedric Command"	""	"Staff Enchanter"
"0401774C"	"REQ_Ench_Staff_Destruction_ChainLightning"	"Staff Enchanter"	"Staff of Chain Lightning"	""	"Staff Enchanter"
"0401774B"	"REQ_Ench_Staff_Illusion_Calm"	"Staff Enchanter"	"Staff of Calm"	""	"Staff Enchanter"
"0401774A"	"REQ_Ench_Staff_Conjuration_BanishDeadra"	"Staff Enchanter"	"Staff of Banishing"	""	"Staff Enchanter"
"4017737"	"REQ_Ench_Staff_Destruction_LightningBolt"	"Staff Enchanter"	"Staff of Lightning Bolts"	""	"Staff Enchanter"
"03017EC3"	"REQ_Mill_Food_Flour"	"Grain Mill"	"Sack of Flour"	""	"Grain Mill"
"3011802"	"REQ_Oven_Food_FlourVegan_LavenderDumpling"	"Oven"	"Lavender Dumpling"	""	"Oven"
"3011800"	"REQ_Oven_Food_FlourMeat_ChickenDumpling"	"Oven"	"Chicken Dumpling"	""	"Oven"
"030117FE"	"REQ_Oven_Food_FlourVegan_ApplePie"	"Oven"	"Apple Pie"	""	"Oven"
"030117FD"	"REQ_Oven_Food_FlourVegan_SnowberryCrostata"	"Oven"	"Snowberry Crostata"	""	"Oven"
"030117FC"	"REQ_Oven_Food_FlourVegan_JuniperBerryCrostata"	"Oven"	"Juniper Berry Crostata"	""	"Oven"
"030117FB"	"REQ_Oven_Food_Sweets_SweetRoll"	"Oven"	"Sweet Roll"	""	"Oven"
"030117FA"	"REQ_Oven_Food_FlourVegan_JazbayCrostata"	"Oven"	"Jazbay Crostata"	""	"Oven"
"030117F9"	"REQ_Oven_Food_FlourVegan_AppleDumpling"	"Oven"	"Apple Dumpling"	""	"Oven"
"030117F8"	"REQ_Oven_Food_FlourVegan_PotatoBread"	"Oven"	"Potato Bread"	""	"Oven"
"030117F6"	"REQ_Oven_Food_Flour_Bread"	"Oven"	"Bread"	""	"Oven"
"03000A12"	"REQ_Oven_Food_Flour_GarlicBread"	"Oven"	"Garlic Bread"	""	"Oven"
"03000A11"	"REQ_Oven_Food_Flour_BraidedBread"	"Oven"	"Braided Bread"	""	"Oven"
"02017EC1"	"REQ_Temper_Artifact_AncientDawnguardShield"	"Armor Table"	"Ancient Dawnguard Shield"	"Craftsmanship"	"Armor Table"
"02017EC0"	"REQ_Temper_Heavy_Falmer_Head"	"Armor Table"	"Falmer Heavy Helm"	"Craftsmanship"	"Armor Table"
"02017EBF"	"REQ_Temper_Heavy_Falmer_Hands"	"Armor Table"	"Falmer Heavy Gauntlets"	"Craftsmanship"	"Armor Table"
"02017EBE"	"REQ_Temper_Heavy_Falmer_Body"	"Armor Table"	"Falmer Heavy Cuirass"	"Craftsmanship"	"Armor Table"
"02017EBD"	"REQ_Temper_Heavy_Falmer_Feet"	"Armor Table"	"Falmer Heavy Boots"	"Craftsmanship"	"Armor Table"
"02017EBC"	"REQ_Temper_Heavy_Dawnguard_Shield"	"Armor Table"	"Dawnguard Shield"	"Craftsmanship"	"Armor Table"
"02017EBB"	"REQ_Temper_Light_Dawnguard_Hands"	"Armor Table"	"Dawnguard Light Gauntlets"	"Craftsmanship"	"Armor Table"
"02017EBA"	"REQ_Temper_Light_Dawnguard_Feet"	"Armor Table"	"Dawnguard Light Boots"	"Craftsmanship"	"Armor Table"
"02017EB9"	"REQ_Temper_Light_Dawnguard_Body_Dark"	"Armor Table"	"Dawnguard Light Cuirass"	"Craftsmanship"	"Armor Table"
"02017EB8"	"REQ_Temper_Light_Dawnguard_Body_Grey"	"Armor Table"	"Dawnguard Light Cuirass"	"Craftsmanship"	"Armor Table"
"02017EB7"	"REQ_Temper_Light_Dawnguard_Body_Red"	"Armor Table"	"Dawnguard Light Cuirass"	"Craftsmanship"	"Armor Table"
"02017EB6"	"REQ_Temper_Heavy_Dawnguard_Body_Grey"	"Armor Table"	"Dawnguard Heavy Cuirass"	"Craftsmanship"	"Armor Table"
"02017EB5"	"REQ_Temper_Heavy_Dawnguard_Body_Dark"	"Armor Table"	"Dawnguard Heavy Cuirass"	"Craftsmanship"	"Armor Table"
"02014CC9"	"REQ_Temper_Heavy_Dawnguard_Feet"	"Armor Table"	"Dawnguard Heavy Boots"	"Craftsmanship"	"Armor Table"
"02014CC8"	"REQ_Temper_Heavy_Dawnguard_Hands"	"Armor Table"	"Dawnguard Heavy Gauntlets"	"Craftsmanship"	"Armor Table"
"02014C08"	"REQ_Temper_Var_Heavy_Steel_Body_Katria"	"Armor Table"	"Steel Cuirass"	"Craftsmanship"	"Armor Table"
"2014637"	"REQ_Rack_Hide_ValeDeer"	"CraftingTable"	"Leather"	"Craftsmanship"	"CraftingTable"
"2014636"	"REQ_Rack_Hide_ValeSabreCat"	"CraftingTable"	"Leather"	"Craftsmanship"	"CraftingTable"
"2013000"	"REQ_Temper_Light_Dawnguard_Head"	"Armor Table"	"Dawnguard Light Helmet"	"Craftsmanship"	"Armor Table"
"201300"	"REQ_Temper_Heavy_Dawnguard_Head"	"Armor Table"	"Dawnguard Heavy Helmet"	"Craftsmanship"	"Armor Table"
"02012F58"	"REQ_Temper_Artifact_ShellbugHelmet"	"Armor Table"	"Shellbug Helmet"	"Craftsmanship"	"Armor Table"
"020128AC"	"REQ_NULL_DLC1TemperArmorFalmerHardenedHelmet"	"disabled recipe"	"Falmer Hardened Helm"	"Advanced Blacksmithing"	"disabled recipe"
"020128AB"	"REQ_NULL_DLC1TemperArmorFalmerHardenedGauntlets"	"disabled recipe"	"Falmer Hardened Gauntlets"	"Advanced Blacksmithing"	"disabled recipe"
"020128AA"	"REQ_NULL_DLC1TemperArmorFalmerHardenedCuirass"	"disabled recipe"	"Falmer Hardened Armor"	"Advanced Blacksmithing"	"disabled recipe"
"020128A9"	"REQ_NULL_DLC1TemperArmorFalmerHardenedBoots"	"disabled recipe"	"Falmer Hardened Boots"	"Advanced Blacksmithing"	"disabled recipe"
"02011F0F"	"REQ_Temper_Light_SnowElf_Hands"	"Armor Table"	"Ancient Falmer Gauntlets"	"Elven Blacksmithing"	"Armor Table"
"02011CF9"	"REQ_Temper_Light_Vampire_Feet"	"Armor Table"	"Vampire Boots"	"Craftsmanship"	"Armor Table"
"02011CDC"	"REQ_Temper_Light_SnowElf_Body_Pauldrons"	"Armor Table"	"Ancient Falmer Cuirass"	"Elven Blacksmithing"	"Armor Table"
"02011CDB"	"REQ_Temper_Light_SnowElf_Head"	"Armor Table"	"Ancient Falmer Crown"	"Elven Blacksmithing"	"Armor Table"
"02011CDA"	"REQ_Temper_Light_SnowElf_Feet"	"Armor Table"	"Ancient Falmer Boots"	"Elven Blacksmithing"	"Armor Table"
"0200E8F5"	"REQ_Temper_Light_Vampire_Hands"	"Armor Table"	"Vampire Gauntlets"	"Craftsmanship"	"Armor Table"
"0200E8F4"	"REQ_Temper_Light_Vampire_Body_Royal"	"Armor Table"	"Vampire Royal Cuirass"	"Craftsmanship"	"Armor Table"
"0200E8F3"	"REQ_Temper_Light_Vampire_Body_Gray"	"Armor Table"	"Vampire Cuirass"	"Craftsmanship"	"Armor Table"
"0200E8F2"	"REQ_Temper_Light_Vampire_Body_Dark"	"Armor Table"	"Vampire Cuirass"	"Craftsmanship"	"Armor Table"
"0200E8F1"	"REQ_Temper_Light_Vampire_Body_Red"	"Armor Table"	"Vampire Cuirass"	"Craftsmanship"	"Armor Table"
"0200E8D8"	"REQ_Temper_Artifact_AurielsShield"	"Armor Table"	"Auriel's Shield"	"Legendary Blacksmithing"	"Armor Table"
"0200CFBE"	"REQ_Temper_Artifact_AetheriumShield"	"Armor Table"	"Aetherium Shield"	"Requires  Ancient Knowledge"	"Armor Table"
"2005763"	"REQ_AetheriumForge_Artifact_AetheriumCrown"	"Aetherium Forge"	"Aetherium Crown"	""	"Aetherium Forge"
"2005762"	"REQ_AetheriumForge_Artifact_AetheriumStaff"	"Aetherium Forge"	"Aetherium Staff"	""	"Aetherium Forge"
"2005761"	"REQ_AetheriumForge_Artifact_AetheriumShield"	"Aetherium Forge"	"Aetherium Shield"	""	"Aetherium Forge"
"0010FB20"	"REQ_Temper_Light_Guard_Shield_Winterhold"	"Armor Table"	"Winterhold Guard Shield"	"Craftsmanship"	"Armor Table"
"0010FB1F"	"REQ_Temper_Light_Guard_Shield_Whiterun"	"Armor Table"	"Whiterun Guard Shield"	"Craftsmanship"	"Armor Table"
"0010FB1E"	"REQ_Temper_Light_Guard_Shield_Haafingar"	"Armor Table"	"Haafingar Guard Shield"	"Craftsmanship"	"Armor Table"
"0010FB1D"	"REQ_Temper_Light_Guard_Shield_TheRift"	"Armor Table"	"The Rift Guard Shield"	"Craftsmanship"	"Armor Table"
"0010FB1C"	"REQ_Temper_Light_Guard_Shield_ThePale"	"Armor Table"	"The Pale Guard Shield"	"Craftsmanship"	"Armor Table"
"0010FB1B"	"REQ_Temper_Light_Guard_Shield_TheReach"	"Armor Table"	"The Reach Guard Shield"	"Craftsmanship"	"Armor Table"
"0010FB1A"	"REQ_Temper_Light_Guard_Shield_Hjaalmarch"	"Armor Table"	"Hjaalmarch Guard Shield"	"Craftsmanship"	"Armor Table"
"0010FB19"	"REQ_Temper_Light_Guard_Shield_Falkreath"	"Armor Table"	"Falkreath Guard Shield"	"Craftsmanship"	"Armor Table"
"0010FB18"	"REQ_Temper_Light_Guard_Shield_Eastmarch"	"Armor Table"	"Eastmarch Guard Shield"	"Craftsmanship"	"Armor Table"
"0010FB17"	"REQ_Temper_Light_Guard_Head_Winterhold"	"Armor Table"	"Winterhold Guard Helmet"	"Craftsmanship"	"Armor Table"
"0010FB16"	"REQ_Temper_Light_Guard_Head_Whiterun"	"Armor Table"	"Whiterun Guard Helmet"	"Craftsmanship"	"Armor Table"
"0010FB15"	"REQ_Temper_Light_Guard_Head_TheRift"	"Armor Table"	"The Rift Guard Helmet"	"Craftsmanship"	"Armor Table"
"0010FB14"	"REQ_Temper_Light_Guard_Head_TheReach"	"Armor Table"	"The Reach Guard Helmet"	"Craftsmanship"	"Armor Table"
"0010FB13"	"REQ_Temper_Light_Guard_Head_ThePale"	"Armor Table"	"The Pale Guard Helmet"	"Craftsmanship"	"Armor Table"
"0010FB12"	"REQ_Temper_Light_Guard_Head_Hjaalmarch"	"Armor Table"	"Hjaalmarch Guard Helmet"	"Craftsmanship"	"Armor Table"
"0010FB11"	"REQ_Temper_Light_Guard_Head_Haafingar"	"Armor Table"	"Haafingar Guard Helmet"	"Craftsmanship"	"Armor Table"
"0010FB10"	"REQ_Temper_Light_Guard_Head_Falkreath"	"Armor Table"	"Falkreath Guard Helmet"	"Craftsmanship"	"Armor Table"
"0010FB0F"	"REQ_Temper_Light_Guard_Body_Winterhold"	"Armor Table"	"Winterhold Guard Cuirass"	"Craftsmanship"	"Armor Table"
"0010FB0E"	"REQ_Temper_Light_Guard_Body_Whiterun"	"Armor Table"	"Whiterun Guard Cuirass"	"Craftsmanship"	"Armor Table"
"0010FB0D"	"REQ_Temper_Light_Guard_Body_ThePale"	"Armor Table"	"The Pale Guard Cuirass"	"Craftsmanship"	"Armor Table"
"0010FB0C"	"REQ_Temper_Light_Guard_Body_Haafingar"	"Armor Table"	"Haafingar Guard Cuirass"	"Craftsmanship"	"Armor Table"
"0010FB0B"	"REQ_Temper_Light_Guard_Body_TheRift"	"Armor Table"	"The Rift Guard Cuirass"	"Craftsmanship"	"Armor Table"
"0010FB0A"	"REQ_Temper_Light_Guard_Body_TheReach"	"Armor Table"	"The Reach Guard Cuirass"	"Craftsmanship"	"Armor Table"
"0010FB09"	"REQ_Temper_Light_Guard_Body_Hjaalmarch"	"Armor Table"	"Hjaalmarch Guard Cuirass"	"Craftsmanship"	"Armor Table"
"0010FB08"	"REQ_Temper_Light_Guard_Body_Falkreath"	"Armor Table"	"Falkreath Guard Cuirass"	"Craftsmanship"	"Armor Table"
"0010FB07"	"REQ_Temper_Light_PenitusOculatus_Head"	"Armor Table"	"Penitus Oculatus Helmet"	"Craftsmanship"	"Armor Table"
"0010FB06"	"REQ_Temper_Light_PenitusOculatus_Hands"	"Armor Table"	"Penitus Oculatus Bracers"	"Craftsmanship"	"Armor Table"
"0010FB05"	"REQ_Temper_Light_PenitusOculatus_Body"	"Armor Table"	"Penitus Oculatus Cuirass"	"Craftsmanship"	"Armor Table"
"0010FB04"	"REQ_Temper_Light_PenitusOculatus_Feet"	"Armor Table"	"Penitus Oculatus Boots"	"Craftsmanship"	"Armor Table"
"0010FB03"	"REQ_Temper_Heavy_Akaviri_Shield"	"Armor Table"	"Akaviri Shield"	"Craftsmanship"	"Armor Table"
"0010FB02"	"REQ_Temper_Heavy_Akaviri_Head"	"Armor Table"	"Akaviri Helmet"	"Craftsmanship"	"Armor Table"
"0010FB01"	"REQ_Temper_Heavy_Akaviri_Hands"	"Armor Table"	"Akaviri Gauntlets"	"Craftsmanship"	"Armor Table"
"0010FB00"	"REQ_Temper_Heavy_Akaviri_Body"	"Armor Table"	"Akaviri Cuirass"	"Craftsmanship"	"Armor Table"
"0010FAFF"	"REQ_Temper_Heavy_Akaviri_Feet"	"Armor Table"	"Akaviri Boots"	"Craftsmanship"	"Armor Table"
"0010E94D"	"REQ_Temper_Light_Hide_Shield"	"Armor Table"	"Hide Shield"	"Craftsmanship"	"Armor Table"
"0010E881"	"REQ_NULL_TemperArmorStormcloakCuirassSleeves"	"disabled recipe"	"Stormcloak Cuirass"	"Advanced Blacksmithing"	"disabled recipe"
"0010E880"	"REQ_Temper_Light_SummersetShadows_Head"	"Armor Table"	"Summerset Shadows Hood"	"Craftsmanship"	"Armor Table"
"0010E87F"	"REQ_Temper_Light_SummersetShadows_Hands"	"Armor Table"	"Summerset Shadows Gloves"	"Craftsmanship"	"Armor Table"
"0010E87E"	"REQ_Temper_Light_SummersetShadows_Body"	"Armor Table"	"Summerset Shadows Cuirass"	"Craftsmanship"	"Armor Table"
"0010E87D"	"REQ_Temper_Light_SummersetShadows_Feet"	"Armor Table"	"Summerset Shadows Boots"	"Craftsmanship"	"Armor Table"
"0010E87C"	"REQ_Temper_Light_Stormcloak_Head"	"Armor Table"	"Stormcloak Helmet"	"Craftsmanship"	"Armor Table"
"0010E87B"	"REQ_Temper_Light_Stormcloak_Hands"	"Armor Table"	"Fur Gauntlets"	"Craftsmanship"	"Armor Table"
"0010E87A"	"REQ_Temper_Light_Stormcloak_Body"	"Armor Table"	"Stormcloak Cuirass"	"Craftsmanship"	"Armor Table"
"0010E879"	"REQ_Temper_Light_Stormcloak_Feet"	"Armor Table"	"Fur Boots"	"Craftsmanship"	"Armor Table"
"0010E878"	"REQ_Temper_Heavy_StormcloakOfficer_Head"	"Armor Table"	"Stormcloak Officer Helmet"	"Craftsmanship"	"Armor Table"
"0010E877"	"REQ_Temper_Heavy_StormcloakOfficer_Hands"	"Armor Table"	"Stormcloak Officer Gauntlets"	"Craftsmanship"	"Armor Table"
"0010E876"	"REQ_Temper_Heavy_StormcloakOfficer_Body"	"Armor Table"	"Stormcloak Officer Cuirass"	"Craftsmanship"	"Armor Table"
"0010E875"	"REQ_Temper_Heavy_StormcloakOfficer_Feet"	"Armor Table"	"Stormcloak Officer Boots"	"Craftsmanship"	"Armor Table"
"0010E874"	"REQ_Temper_Light_Imperial_Shield"	"Armor Table"	"Imperial Light Shield"	"Craftsmanship"	"Armor Table"
"0010E873"	"REQ_Temper_Light_Imperial_Head"	"Armor Table"	"Imperial Light Helmet"	"Craftsmanship"	"Armor Table"
"0010E872"	"REQ_Temper_Light_Imperial_Hands"	"Armor Table"	"Imperial Light Bracers"	"Craftsmanship"	"Armor Table"
"0010E871"	"REQ_Temper_Light_Imperial_Body"	"Armor Table"	"Imperial Light Cuirass"	"Craftsmanship"	"Armor Table"
"0010E870"	"REQ_Temper_Light_Imperial_Feet"	"Armor Table"	"Imperial Light Boots"	"Craftsmanship"	"Armor Table"
"0010E86F"	"REQ_Temper_Heavy_ImperialLegate_Head"	"Armor Table"	"Imperial Legate Helmet"	"Craftsmanship"	"Armor Table"
"0010E86E"	"REQ_Temper_Heavy_Imperial_Head_Horseman"	"Armor Table"	"Imperial Horseman Helmet"	"Craftsmanship"	"Armor Table"
"0010E86D"	"REQ_Temper_Light_Fur_Head"	"Armor Table"	"Fur Helmet"	"Craftsmanship"	"Armor Table"
"0010E86C"	"REQ_Temper_Light_Fur_Hands"	"Armor Table"	"Fur Bracers"	"Craftsmanship"	"Armor Table"
"0010E86B"	"REQ_Temper_Light_Fur_Body"	"Armor Table"	"Fur Cuirass"	"Craftsmanship"	"Armor Table"
"0010E86A"	"REQ_Temper_Light_Fur_Body_KiltWithMantle"	"Armor Table"	"Fur Cuirass"	"Craftsmanship"	"Armor Table"
"0010E869"	"REQ_Temper_Light_Fur_Body_Kilt"	"Armor Table"	"Fur Cuirass"	"Craftsmanship"	"Armor Table"
"0010E868"	"REQ_Temper_Light_Fur_Body_Sleeves"	"Armor Table"	"Fur Cuirass"	"Craftsmanship"	"Armor Table"
"0010E867"	"REQ_Temper_Light_Fur_Feet"	"Armor Table"	"Fur Shoes"	"Craftsmanship"	"Armor Table"
"0010D159"	"REQ_Rack_Hide_FoxSnow"	"CraftingTable"	"Leather"	"Craftsmanship"	"CraftingTable"
"0010CC6B"	"REQ_Rack_Hide_Fox"	"CraftingTable"	"Leather"	"Craftsmanship"	"CraftingTable"
"0010A06E"	"REQ_Temper_Var_Light_Stormcloak_Hands_Pugilist"	"Armor Table"	"Gloves of the Pugilist"	"Craftsmanship"	"Armor Table"
"0010948F"	"REQ_Temper_Light_Forsworn_Head"	"Armor Table"	"Forsworn Headdress"	"Craftsmanship"	"Armor Table"
"0010948E"	"REQ_Temper_Light_Forsworn_Hands"	"Armor Table"	"Forsworn Gauntlets"	"Craftsmanship"	"Armor Table"
"0010948D"	"REQ_Temper_Light_Forsworn_Feet"	"Armor Table"	"Forsworn Boots"	"Craftsmanship"	"Armor Table"
"0010948C"	"REQ_Temper_Light_Forsworn_Body"	"Armor Table"	"Forsworn Cuirass"	"Craftsmanship"	"Armor Table"
"109415"	"REQ_Temper_Artifact_TargeOfTheBlooded"	"Armor Table"	"Targe of the Blooded"	"Craftsmanship"	"Armor Table"
"0010910C"	"REQ_NULL_TemperWeaponQuestVolunruudPickaxe"	"disabled recipe"	"Notched Pickaxe"	"Advanced Blacksmithing"	"disabled recipe"
"001090FD"	"REQ_Temper_Artifact_HelmOfYngol"	"Armor Table"	"Helm of Yngol"	"Craftsmanship"	"Armor Table"
"001090F1"	"REQ_Temper_Var_Heavy_Steel_Hands_Ironhand"	"Armor Table"	"Ironhand Gauntlets"	"Craftsmanship"	"Armor Table"
"001090F0"	"REQ_Temper_Var_Light_Hide_Feet_PredatorsGrace"	"Armor Table"	"Predator's Grace"	"Craftsmanship"	"Armor Table"
"109093"	"REQ_Temper_Var_Light_Forsworn_Head_OldGods"	"Armor Table"	"Helmet of the Old Gods"	"Craftsmanship"	"Armor Table"
"109092"	"REQ_Temper_Var_Light_Forsworn_Hands_OldGods"	"Armor Table"	"Gauntlets of the Old Gods"	"Craftsmanship"	"Armor Table"
"109091"	"REQ_Temper_Var_Light_Forsworn_Feet_OldGods"	"Armor Table"	"Boots of the Old Gods"	"Craftsmanship"	"Armor Table"
"109090"	"REQ_Temper_Var_Light_Forsworn_Body_OldGods"	"Armor Table"	"Cuirass of the Old Gods"	"Craftsmanship"	"Armor Table"
"00108FF7"	"REQ_Temper_Artifact_Spellbreaker"	"Armor Table"	"Spellbreaker"	"Legendary Blacksmithing"	"Armor Table"
"00108FF6"	"REQ_Temper_Artifact_SaviorsHide"	"Armor Table"	"Savior's Hide"	"Legendary Blacksmithing"	"Armor Table"
"00108FF4"	"REQ_Temper_Artifact_EbonyMail"	"Armor Table"	"Ebony Mail"	"Legendary Blacksmithing"	"Armor Table"
"00108CFD"	"REQ_Skyforge_Weapon_NordHero_Bow"	"Skyforge"	"Nord Hero Bow"	"Craftsmanship"	"Skyforge"
"00108CCC"	"REQ_Temper_Var_Light_ThievesGuild_Head_Improved"	"Armor Table"	"Thieves Guild Hood"	"Craftsmanship"	"Armor Table"
"00108CCB"	"REQ_Temper_Var_Light_ThievesGuild_Hands_Improved"	"Armor Table"	"Thieves Guild Gloves"	"Craftsmanship"	"Armor Table"
"00108CCA"	"REQ_Temper_Var_Light_ThievesGuild_Body_Improved"	"Armor Table"	"Thieves Guild Cuirass"	"Craftsmanship"	"Armor Table"
"00108CC9"	"REQ_Temper_Var_Light_ThievesGuild_Feet_Improved"	"Armor Table"	"Thieves Guild Boots"	"Craftsmanship"	"Armor Table"
"00108CC8"	"REQ_Temper_Light_Nightingale_Head"	"Armor Table"	"Nightingale Hood"	"Legendary Blacksmithing"	"Armor Table"
"00108CC5"	"REQ_Temper_Light_Nightingale_Hands"	"Armor Table"	"Nightingale Gloves"	"Legendary Blacksmithing"	"Armor Table"
"00108CC0"	"REQ_Temper_Light_Nightingale_Body"	"Armor Table"	"Nightingale Cuirass"	"Legendary Blacksmithing"	"Armor Table"
"00108CBF"	"REQ_Temper_Light_Nightingale_Feet"	"Armor Table"	"Nightingale Boots"	"Legendary Blacksmithing"	"Armor Table"
"00108CBC"	"REQ_Temper_Light_Linwe_Head"	"Armor Table"	"Linwe's Hood"	"Craftsmanship"	"Armor Table"
"00108CBB"	"REQ_Temper_Light_Linwe_Hands"	"Armor Table"	"Linwe's Gloves"	"Craftsmanship"	"Armor Table"
"00108CBA"	"REQ_Temper_Light_Linwe_Body"	"Armor Table"	"Linwe's Cuirass"	"Craftsmanship"	"Armor Table"
"00108CB9"	"REQ_Temper_Light_Linwe_Feet"	"Armor Table"	"Linwe's Boots"	"Craftsmanship"	"Armor Table"
"00104DBF"	"REQ_Temper_Light_Imperial_Body_Tullius"	"Armor Table"	"General Tullius' Cuirass"	"Craftsmanship"	"Armor Table"
"00104DBE"	"REQ_Temper_Light_ThievesGuildMaster_Head"	"Armor Table"	"Guild Master Hood"	"Craftsmanship"	"Armor Table"
"00104DBD"	"REQ_Temper_Light_ThievesGuildMaster_Hands"	"Armor Table"	"Guild Master Gloves"	"Craftsmanship"	"Armor Table"
"00104DBC"	"REQ_Temper_Light_ThievesGuildMaster_Body"	"Armor Table"	"Guild Master Cuirass"	"Craftsmanship"	"Armor Table"
"00104DBB"	"REQ_Temper_Light_ThievesGuild_Head"	"Armor Table"	"Thieves Guild Hood"	"Craftsmanship"	"Armor Table"
"00104DBA"	"REQ_Temper_Light_ThievesGuild_Hands"	"Armor Table"	"Thieves Guild Gloves"	"Craftsmanship"	"Armor Table"
"00104DB9"	"REQ_Temper_Light_ThievesGuild_Body"	"Armor Table"	"Thieves Guild Cuirass"	"Craftsmanship"	"Armor Table"
"00104DB8"	"REQ_Temper_Light_ThievesGuildMaster_Feet"	"Armor Table"	"Guild Master Boots"	"Craftsmanship"	"Armor Table"
"00104DB7"	"REQ_Temper_Light_ThievesGuild_Feet"	"Armor Table"	"Thieves Guild Boots"	"Craftsmanship"	"Armor Table"
"00104DB6"	"REQ_Temper_Light_AncientShrouded_Head"	"Armor Table"	"Ancient Shrouded Cowl"	"Craftsmanship"	"Armor Table"
"00104DB5"	"REQ_Temper_Light_AncientShrouded_Hands"	"Armor Table"	"Ancient Shrouded Gloves"	"Craftsmanship"	"Armor Table"
"00104DB4"	"REQ_Temper_Light_AncientShrouded_Body"	"Armor Table"	"Ancient Shrouded Cuirass"	"Craftsmanship"	"Armor Table"
"00104DB3"	"REQ_Temper_Light_AncientShrouded_Feet"	"Armor Table"	"Ancient Shrouded Boots"	"Craftsmanship"	"Armor Table"
"00104DB2"	"REQ_Temper_Light_Shrouded_Head_Masked"	"Armor Table"	"Shrouded Cowl"	"Craftsmanship"	"Armor Table"
"00104DB1"	"REQ_Temper_Light_Shrouded_Hands"	"Armor Table"	"Shrouded Gloves"	"Craftsmanship"	"Armor Table"
"00104DB0"	"REQ_Temper_Light_Shrouded_Body"	"Armor Table"	"Shrouded Cuirass"	"Craftsmanship"	"Armor Table"
"00104DAF"	"REQ_Temper_Light_Shrouded_Feet"	"Armor Table"	"Shrouded Boots"	"Craftsmanship"	"Armor Table"
"00104DAE"	"REQ_Temper_Heavy_Wolf_Head"	"Armor Table"	"Wolf Helmet"	"Craftsmanship"	"Armor Table"
"00104DAD"	"REQ_Temper_Heavy_Wolf_Hands"	"Armor Table"	"Wolf Gauntlets"	"Craftsmanship"	"Armor Table"
"00104DAC"	"REQ_Temper_Heavy_Wolf_Body"	"Armor Table"	"Wolf Cuirass"	"Craftsmanship"	"Armor Table"
"00104DAB"	"REQ_Temper_Heavy_Wolf_Feet"	"Armor Table"	"Wolf Boots"	"Craftsmanship"	"Armor Table"
"001033DE"	"REQ_Rack_Hide_Deer2"	"CraftingTable"	"Leather"	"Craftsmanship"	"CraftingTable"
"000F7F43"	"REQ_Rack_Leather01"	"CraftingTable"	"Leather Strips"	""	"CraftingTable"
"000F6F2F"	"REQ_Temper_Heavy_Steel_Head_Horn"	"Armor Table"	"Steel Helmet"	"Craftsmanship"	"Armor Table"
"000F6F2E"	"REQ_NULL_RecipeArmorSteelGauntletsB"	"disabled recipe"	"Steel Imperial Gauntlets"	"Craftsmanship"	"disabled recipe"
"000F6F2D"	"REQ_NULL_TemperArmorSteelGauntletsB"	"disabled recipe"	"Steel Imperial Gauntlets"	"Advanced Blacksmithing"	"disabled recipe"
"000F6F2B"	"REQ_Temper_Heavy_Steel_Body_Pauldrons"	"Armor Table"	"Steel Cuirass"	"Craftsmanship"	"Armor Table"
"000F6F2A"	"REQ_NULL_RecipeArmorSteelBootsB"	"disabled recipe"	"Steel Shin Boots"	"Craftsmanship"	"disabled recipe"
"000F6F29"	"REQ_NULL_TemperArmorSteelBootsB"	"disabled recipe"	"Steel Shin Boots"	"Advanced Blacksmithing"	"disabled recipe"
"000F46D0"	"REQ_Skyforge_Heavy_AncientNord_Head"	"Skyforge"	"Ancient Nord Helmet"	"Craftsmanship"	"Skyforge"
"000F46CF"	"REQ_Skyforge_Heavy_AncientNord_Hands"	"Skyforge"	"Ancient Nord Gauntlets"	"Craftsmanship"	"Skyforge"
"000F46CD"	"REQ_Skyforge_Heavy_AncientNord_Feet"	"Skyforge"	"Ancient Nord Boots"	"Craftsmanship"	"Skyforge"
"000F46CC"	"REQ_Skyforge_Heavy_AncientNord_Body"	"Skyforge"	"Ancient Nord Cuirass"	"Craftsmanship"	"Skyforge"
"000F46CB"	"REQ_Skyforge_Weapon_NordHero_WarAxe"	"Skyforge"	"Nord Hero War Axe"	"Craftsmanship"	"Skyforge"
"000F46CA"	"REQ_Skyforge_Weapon_NordHero_Sword"	"Skyforge"	"Nord Hero Sword"	"Craftsmanship"	"Skyforge"
"000F46C9"	"REQ_Skyforge_Weapon_NordHero_Greatsword"	"Skyforge"	"Nord Hero Greatsword"	"Craftsmanship"	"Skyforge"
"000F46C8"	"REQ_Skyforge_Weapon_NordHero_Battleaxe"	"Skyforge"	"Nord Hero Battleaxe"	"Craftsmanship"	"Skyforge"
"000EB85C"	"REQ_Temper_Light_Hide_Body_Studded"	"Armor Table"	"Hide Cuirass"	"Craftsmanship"	"Armor Table"
"000EB85B"	"REQ_Temper_Heavy_Steel_Shield"	"Armor Table"	"Steel Shield"	"Craftsmanship"	"Armor Table"
"000EB85A"	"REQ_NULL_TemperArmorSteelPlateShield"	"disabled recipe"	""	"Advanced Blacksmithing"	"disabled recipe"
"000EB859"	"REQ_Temper_Heavy_SteelPlate_Head"	"Armor Table"	"Steel Plate Helmet"	"Advanced Blacksmithing"	"Armor Table"
"000EB858"	"REQ_Temper_Heavy_SteelPlate_Hands"	"Armor Table"	"Steel Plate Gauntlets"	"Advanced Blacksmithing"	"Armor Table"
"000EB857"	"REQ_Temper_Heavy_SteelPlate_Body"	"Armor Table"	"Steel Plate Cuirass"	"Advanced Blacksmithing"	"Armor Table"
"000EB856"	"REQ_Temper_Heavy_SteelPlate_Feet"	"Armor Table"	"Steel Plate Boots"	"Advanced Blacksmithing"	"Armor Table"
"000EB855"	"REQ_Temper_Heavy_Steel_Head"	"Armor Table"	"Steel Helmet"	"Craftsmanship"	"Armor Table"
"000EB854"	"REQ_Temper_Heavy_Steel_Hands"	"Armor Table"	"Steel Gauntlets"	"Craftsmanship"	"Armor Table"
"000EB853"	"REQ_Temper_Heavy_Steel_Body"	"Armor Table"	"Steel Cuirass"	"Craftsmanship"	"Armor Table"
"000EB852"	"REQ_Temper_Heavy_Steel_Feet"	"Armor Table"	"Steel Boots"	"Craftsmanship"	"Armor Table"
"000EB851"	"REQ_Temper_Light_Scale_Head"	"Armor Table"	"Scale Helmet"	"Advanced Light Armors "	"Armor Table"
"000EB84C"	"REQ_Temper_Light_Scale_Hands"	"Armor Table"	"Scale Bracers"	"Advanced Light Armors "	"Armor Table"
"000EB84B"	"REQ_Temper_Light_Scale_Body"	"Armor Table"	"Scale Cuirass"	"Advanced Light Armors "	"Armor Table"
"000EB836"	"REQ_Temper_Light_Scale_Feet"	"Armor Table"	"Scale Boots"	"Advanced Light Armors "	"Armor Table"
"000EB801"	"REQ_Temper_Heavy_Orcish_Shield"	"Armor Table"	"Orcish Shield"	"Orcish Blacksmithing"	"Armor Table"
"000EB800"	"REQ_Temper_Heavy_Orcish_Head"	"Armor Table"	"Orcish Heavy Helmet"	"Orcish Blacksmithing"	"Armor Table"
"000EB7FB"	"REQ_Temper_Heavy_Orcish_Hands"	"Armor Table"	"Orcish Heavy Gauntlets"	"Orcish Blacksmithing"	"Armor Table"
"000EB7FA"	"REQ_Temper_Heavy_Orcish_Body"	"Armor Table"	"Orcish Heavy Cuirass"	"Orcish Blacksmithing"	"Armor Table"
"000EB7F8"	"REQ_Temper_Heavy_Orcish_Feet"	"Armor Table"	"Orcish Heavy Boots"	"Orcish Blacksmithing"	"Armor Table"
"000EB7F6"	"REQ_Temper_Heavy_AncientNord_Shield"	"Armor Table"	"Ancient Nord Shield"	"Craftsmanship"	"Armor Table"
"000EB7F4"	"REQ_Temper_Heavy_Iron_Body_Pauldrons"	"Armor Table"	"Iron Cuirass"	"Craftsmanship"	"Armor Table"
"000EB7F3"	"REQ_Temper_Heavy_Imperial_Shield"	"Armor Table"	"Imperial Heavy Shield"	"Craftsmanship"	"Armor Table"
"000EB7F2"	"REQ_Temper_Heavy_Imperial_Head"	"Armor Table"	"Imperial Heavy Helmet"	"Craftsmanship"	"Armor Table"
"000EB7F0"	"REQ_Temper_Heavy_Imperial_Hands"	"Armor Table"	"Imperial Heavy Gauntlets"	"Craftsmanship"	"Armor Table"
"000EB7EE"	"REQ_Temper_Heavy_Imperial_Body"	"Armor Table"	"Imperial Heavy Cuirass"	"Craftsmanship"	"Armor Table"
"000EB7EC"	"REQ_Temper_Heavy_Imperial_Feet"	"Armor Table"	"Imperial Heavy Boots"	"Craftsmanship"	"Armor Table"
"000EB7A9"	"REQ_Temper_Light_Glass_Shield"	"Armor Table"	"Glass Shield"	"Glass Blacksmithing"	"Armor Table"
"000EB7A7"	"REQ_Temper_Light_Glass_Head"	"Armor Table"	"Glass Helmet"	"Glass Blacksmithing"	"Armor Table"
"000EB7A6"	"REQ_Temper_Light_Glass_Hands"	"Armor Table"	"Glass Gauntlets"	"Glass Blacksmithing"	"Armor Table"
"000EB7A1"	"REQ_Temper_Light_Glass_Body"	"Armor Table"	"Glass Cuirass"	"Glass Blacksmithing"	"Armor Table"
"000EB78E"	"REQ_Temper_Light_Glass_Feet"	"Armor Table"	"Glass Boots"	"Glass Blacksmithing"	"Armor Table"
"000EB78D"	"REQ_NULL_TemperArmorGildedElvenShield"	"disabled recipe"	""	"Advanced Blacksmithing"	"disabled recipe"
"000EB78C"	"REQ_NULL_TemperArmorGildedElvenHelmet"	"disabled recipe"	""	"Advanced Blacksmithing"	"disabled recipe"
"000EB78B"	"REQ_NULL_TemperArmorGildedElvenGauntlets"	"disabled recipe"	""	"Advanced Blacksmithing"	"disabled recipe"
"000EB78A"	"REQ_Temper_Light_Elven_Body_Pauldrons"	"Armor Table"	"Elven Cuirass"	"Elven Blacksmithing"	"Armor Table"
"000EB789"	"REQ_NULL_TemperArmorGildedElvenBoots"	"disabled recipe"	""	"Advanced Blacksmithing"	"disabled recipe"
"000EB788"	"REQ_Temper_Light_Elven_Shield"	"Armor Table"	"Elven Shield"	"Elven Blacksmithing"	"Armor Table"
"000EB787"	"REQ_Temper_Light_Elven_Head"	"Armor Table"	"Elven Helmet"	"Elven Blacksmithing"	"Armor Table"
"000EB786"	"REQ_Temper_Light_Elven_Hands"	"Armor Table"	"Elven Gauntlets"	"Elven Blacksmithing"	"Armor Table"
"000EB785"	"REQ_Temper_Light_Elven_Body"	"Armor Table"	"Elven Cuirass"	"Elven Blacksmithing"	"Armor Table"
"000EB52D"	"REQ_Temper_Light_Elven_Feet"	"Armor Table"	"Elven Boots"	"Elven Blacksmithing"	"Armor Table"
"000EB4A7"	"REQ_Temper_Heavy_Ebony_Shield"	"Armor Table"	"Ebony Shield"	"Ebony Blacksmithing"	"Armor Table"
"000EB4A5"	"REQ_Temper_Heavy_Ebony_Head"	"Armor Table"	"Ebony Helmet"	"Ebony Blacksmithing"	"Armor Table"
"000EB478"	"REQ_Temper_Heavy_Ebony_Hands"	"Armor Table"	"Ebony Gauntlets"	"Ebony Blacksmithing"	"Armor Table"
"000EB448"	"REQ_Temper_Heavy_Ebony_Body"	"Armor Table"	"Ebony Cuirass"	"Ebony Blacksmithing"	"Armor Table"
"000EB3C8"	"REQ_Temper_Heavy_Ebony_Feet"	"Armor Table"	"Ebony Boots"	"Ebony Blacksmithing"	"Armor Table"
"000EB3C6"	"REQ_Temper_Heavy_Dwarven_Shield"	"Armor Table"	"Dwarven Shield"	"Requires  Ancient Knowledge"	"Armor Table"
"000EB2BE"	"REQ_Temper_Heavy_Dwarven_Head"	"Armor Table"	"Dwarven Heavy Helmet"	"Requires  Ancient Knowledge"	"Armor Table"
"000EB1E3"	"REQ_Temper_Heavy_Dwarven_Hands"	"Armor Table"	"Dwarven Heavy Gauntlets"	"Requires  Ancient Knowledge"	"Armor Table"
"000EB124"	"REQ_Temper_Heavy_Dwarven_Body"	"Armor Table"	"Dwarven Heavy Cuirass"	"Requires  Ancient Knowledge"	"Armor Table"
"000EB0CA"	"REQ_Temper_Heavy_Dwarven_Feet"	"Armor Table"	"Dwarven Heavy Boots"	"Requires  Ancient Knowledge"	"Armor Table"
"000EB0C4"	"REQ_Temper_Light_Dragonscale_Shield"	"Armor Table"	"Dragonscale Shield"	"Glass Blacksmithing,Draconic Blacksmithing"	"Armor Table"
"000EB0C3"	"REQ_Temper_Light_Dragonscale_Head"	"Armor Table"	"Dragonscale Helmet"	"Glass Blacksmithing,Draconic Blacksmithing"	"Armor Table"
"000EB0C2"	"REQ_Temper_Light_Dragonscale_Hands"	"Armor Table"	"Dragonscale Gauntlets"	"Glass Blacksmithing,Draconic Blacksmithing"	"Armor Table"
"000EB0BF"	"REQ_Temper_Light_Dragonscale_Body"	"Armor Table"	"Dragonscale Cuirass"	"Glass Blacksmithing,Draconic Blacksmithing"	"Armor Table"
"000EB0BE"	"REQ_Temper_Light_Dragonscale_Feet"	"Armor Table"	"Dragonscale Boots"	"Glass Blacksmithing,Draconic Blacksmithing"	"Armor Table"
"000EB0BD"	"REQ_Temper_Heavy_Dragonplate_Shield"	"Armor Table"	"Dragonplate Shield"	"Ebony Blacksmithing,Draconic Blacksmithing"	"Armor Table"
"000EB0BC"	"REQ_Temper_Heavy_Dragonplate_Head"	"Armor Table"	"Dragonplate Helmet"	"Ebony Blacksmithing,Draconic Blacksmithing"	"Armor Table"
"000EB0BB"	"REQ_Temper_Heavy_Dragonplate_Hands"	"Armor Table"	"Dragonplate Gauntlets"	"Ebony Blacksmithing,Draconic Blacksmithing"	"Armor Table"
"000EB0BA"	"REQ_Temper_Heavy_Dragonplate_Body"	"Armor Table"	"Dragonplate Cuirass"	"Ebony Blacksmithing,Draconic Blacksmithing"	"Armor Table"
"000EB0B9"	"REQ_Temper_Heavy_Dragonplate_Feet"	"Armor Table"	"Dragonplate Boots"	"Ebony Blacksmithing,Draconic Blacksmithing"	"Armor Table"
"000EB0B8"	"REQ_Temper_Heavy_Daedric_Shield"	"Armor Table"	"Daedric Shield"	"Daedric Smithing"	"Armor Table"
"000EB0B7"	"REQ_Temper_Heavy_Daedric_Head"	"Armor Table"	"Daedric Helmet"	"Daedric Smithing"	"Armor Table"
"000EB0B6"	"REQ_Temper_Heavy_Daedric_Hands"	"Armor Table"	"Daedric Gauntlets"	"Daedric Smithing"	"Armor Table"
"000EB0B5"	"REQ_Temper_Heavy_Daedric_Body"	"Armor Table"	"Daedric Cuirass"	"Daedric Smithing"	"Armor Table"
"000EB0B4"	"REQ_Temper_Heavy_Daedric_Feet"	"Armor Table"	"Daedric Boots"	"Daedric Smithing"	"Armor Table"
"000EB0B2"	"REQ_Rack_Hide_Horse"	"CraftingTable"	"Leather"	"Craftsmanship"	"CraftingTable"
"000EB0B1"	"REQ_Rack_Hide_SabreCatSnow"	"CraftingTable"	"Leather"	"Craftsmanship"	"CraftingTable"
"000EB0B0"	"REQ_Rack_Hide_SabreCat"	"CraftingTable"	"Leather"	"Craftsmanship"	"CraftingTable"
"000EB0AF"	"REQ_Rack_Hide_BearSnow"	"CraftingTable"	"Leather"	"Craftsmanship"	"CraftingTable"
"000EB0AE"	"REQ_Rack_Hide_BearCave"	"CraftingTable"	"Leather"	"Craftsmanship"	"CraftingTable"
"000EB0AD"	"REQ_Rack_Hide_Bear"	"CraftingTable"	"Leather"	"Craftsmanship"	"CraftingTable"
"000EB0AC"	"REQ_Rack_Hide_WolfIce"	"CraftingTable"	"Leather"	"Craftsmanship"	"CraftingTable"
"000DD982"	"REQ_NULL_RecipeArmorSteelPlateShield"	"disabled recipe"	""	"Advanced Blacksmithing"	"disabled recipe"
"000DCA00"	"REQ_Skyforge_Heavy_AncientNord_Shield"	"Skyforge"	"Ancient Nord Shield"	"Craftsmanship"	"Skyforge"
"000ADBD7"	"REQ_Temper_Light_Hide_Head"	"Armor Table"	"Hide Helmet"	"Craftsmanship"	"Armor Table"
"000ADBD6"	"REQ_Temper_Light_Hide_Hands"	"Armor Table"	"Hide Bracers"	"Craftsmanship"	"Armor Table"
"000ADBD5"	"REQ_Temper_Light_Hide_Body"	"Armor Table"	"Hide Cuirass"	"Craftsmanship"	"Armor Table"
"000ADBD4"	"REQ_Temper_Light_Hide_Feet"	"Armor Table"	"Hide Boots"	"Craftsmanship"	"Armor Table"
"000ADBD3"	"REQ_Temper_Light_Leather_Head"	"Armor Table"	"Leather Helmet"	"Craftsmanship"	"Armor Table"
"000ADBAC"	"REQ_Temper_Light_Leather_Hands"	"Armor Table"	"Leather Bracers"	"Craftsmanship"	"Armor Table"
"000ADB9E"	"REQ_Temper_Light_Leather_Body"	"Armor Table"	"Leather Cuirass"	"Craftsmanship"	"Armor Table"
"000ADB9D"	"REQ_Temper_Light_Leather_Feet"	"Armor Table"	"Leather Boots"	"Craftsmanship"	"Armor Table"
"000ADB93"	"REQ_Temper_Heavy_Iron_Head"	"Armor Table"	"Iron Helmet"	"Craftsmanship"	"Armor Table"
"000ADB92"	"REQ_Temper_Heavy_Iron_Hands"	"Armor Table"	"Iron Gauntlets"	"Craftsmanship"	"Armor Table"
"000ADB89"	"REQ_Temper_Heavy_Iron_Feet"	"Armor Table"	"Iron Boots"	"Craftsmanship"	"Armor Table"
"00085DC7"	"REQ_Temper_Heavy_Iron_Shield"	"Armor Table"	"Iron Shield"	"Craftsmanship"	"Armor Table"
"00085DC5"	"REQ_Temper_Heavy_Iron_Body"	"Armor Table"	"Iron Cuirass"	"Craftsmanship"	"Armor Table"
"00078B54"	"REQ_Rack_Hide_Wolf"	"CraftingTable"	"Leather"	"Craftsmanship"	"CraftingTable"
"00078B49"	"REQ_Rack_Hide_Deer1"	"CraftingTable"	"Leather"	"Craftsmanship"	"CraftingTable"
"00078B48"	"REQ_Rack_Hide_Cow"	"CraftingTable"	"Leather"	"Craftsmanship"	"CraftingTable"
"0007866B"	"REQ_Rack_Hide_Goat"	"CraftingTable"	"Leather"	"Craftsmanship"	"CraftingTable"
"0001731E"	"REQ_Temper_Heavy_AncientNord_Head"	"Armor Table"	"Ancient Nord Helmet"	"Craftsmanship"	"Armor Table"
"0001731D"	"REQ_Temper_Heavy_AncientNord_Hands"	"Armor Table"	"Ancient Nord Gauntlets"	"Craftsmanship"	"Armor Table"
"0001731C"	"REQ_Temper_Heavy_AncientNord_Body"	"Armor Table"	"Ancient Nord Cuirass"	"Craftsmanship"	"Armor Table"
"0001731B"	"REQ_Temper_Heavy_AncientNord_Feet"	"Armor Table"	"Ancient Nord Boots"	"Craftsmanship"	"Armor Table"
"0001731A"	"REQ_Temper_Light_Falmer_Shield"	"Armor Table"	"Falmer Shield"	"Craftsmanship"	"Armor Table"
"17319"	"REQ_Temper_Light_Falmer_Head"	"Armor Table"	"Falmer Light Helmet"	"Craftsmanship"	"Armor Table"
"0001730F"	"REQ_Temper_Light_Falmer_Hands"	"Armor Table"	"Falmer Light Bracers"	"Craftsmanship"	"Armor Table"
"0001730E"	"REQ_Temper_Light_Falmer_Body"	"Armor Table"	"Falmer Light Cuirass"	"Craftsmanship"	"Armor Table"
"1720000000"	"REQ_Temper_Light_Falmer_Feet"	"Armor Table"	"Falmer Light Boots"	"Craftsmanship"	"Armor Table"
"00000DD5"	"REQ_NULL_TemperArmorElvenLightHelmet"	"disabled recipe"	"Elven Light Helmet"	"Advanced Blacksmithing"	"disabled recipe"
"00000DD4"	"REQ_NULL_TemperArmorElvenLightGauntlets"	"disabled recipe"	"Elven Light Gauntlets"	"Advanced Blacksmithing"	"disabled recipe"
"00000DD3"	"REQ_NULL_TemperArmorElvenLightCuirass"	"disabled recipe"	"Elven Light Armor"	"Advanced Blacksmithing"	"disabled recipe"
"00000DD2"	"REQ_NULL_TemperArmorElvenLightBoots"	"disabled recipe"	"Elven Light Boots"	"Advanced Blacksmithing"	"disabled recipe"
